Workbook

Sheet DM_DinhMuc_TT20
A1: CƠ SỞ DỮ LIỆU ĐỊNH MỨC KINH TẾ - KỸ THUẬT GỐC THEO THÔNG TƯ 20/2017/TT-BTNMT
A2: (Nguồn chuẩn để các Sheet Dự toán và Chiết tính tự động tra cứu bằng hàm XLOOKUP)
A4: STT | B4: Mã hiệu TT20 | C4: Tên thông số & Công đoạn | D4: Phân loại | E4: ĐVT | F4: Hao phí Ngày công (H_NC) | G4: Hao phí Vật liệu/Hóa chất (H_VL) | H4: Hao phí Dụng cụ (H_DC) | I4: Hao phí Ca máy (H_TB)
A5: 1 | B5: KK1a | C5: Nhiệt độ (Giám sát không khí xung quanh) | D5: Ngoại nghiệp + Nội nghiệp | E5: 0C | F5: 0.8 | G5: 250000 | H5: 35000 | I5: 120000
A6: 2 | B6: KK1b | C6: Độ ẩm (Giám sát không khí xung quanh) | D6: Ngoại nghiệp + Nội nghiệp | E6: % | F6: 0.8 | G6: 250000 | H6: 35000 | I6: 120000
A7: 3 | B7: KK2b | C7: Hướng gió (Giám sát không khí xung quanh) | D7: Ngoại nghiệp + Nội nghiệp | E7: - | F7: 0.8 | G7: 250000 | H7: 35000 | I7: 120000
A8: 4 | B8: KK2a | C8: Tốc độ gió (Giám sát không khí xung quanh) | D8: Ngoại nghiệp + Nội nghiệp | E8: m/s | F8: 0.8 | G8: 250000 | H8: 35000 | I8: 120000
A9: 5 | B9: TO1a | C9: Tiếng ồn (Giám sát không khí xung quanh) | D9: Ngoại nghiệp + Nội nghiệp | E9: dBA | F9: 0.8 | G9: 250000 | H9: 35000 | I9: 120000
A10: 6 | B10: ĐR01 | C10: Độ rung (Giám sát không khí xung quanh) | D10: Ngoại nghiệp + Nội nghiệp | E10: dB | F10: 0.8 | G10: 250000 | H10: 35000 | I10: 120000
A11: 7 | B11: KK4a | C11: Tổng bụi lơ lửng (Giám sát không khí xung quanh) | D11: Ngoại nghiệp + Nội nghiệp | E11: µg/Nm3 | F11: 0.8 | G11: 250000 | H11: 35000 | I11: 120000
A12: 8 | B12: KK4c | C12: Bụi PM10 (Giám sát không khí xung quanh) | D12: Ngoại nghiệp + Nội nghiệp | E12: µg/Nm3 | F12: 0.8 | G12: 250000 | H12: 35000 | I12: 120000
A13: 9 | B13: KK7 | C13: SO 2 (Giám sát không khí xung quanh) | D13: Ngoại nghiệp + Nội nghiệp | E13: µg/Nm3 | F13: 0.8 | G13: 250000 | H13: 35000 | I13: 120000
A14: 10 | B14: KK6 | C14: NO 2 (Giám sát không khí xung quanh) | D14: Ngoại nghiệp + Nội nghiệp | E14: µg/Nm3 | F14: 0.8 | G14: 250000 | H14: 35000 | I14: 120000
A15: 11 | B15: KK5a | C15: CO (Giám sát không khí xung quanh) | D15: Ngoại nghiệp + Nội nghiệp | E15: µg/Nm3 | F15: 0.8 | G15: 250000 | H15: 35000 | I15: 120000
A16: 12 | B16: NT5b | C16: COD (Nước thải kênh thoát nước làm mát chung) | D16: Ngoại nghiệp + Nội nghiệp | E16: mg/l | F16: 0.8 | G16: 250000 | H16: 35000 | I16: 120000
... A92: 88 | B92: NB18 | C92: Coliform (Giám sát nước biển ven bờ) | D92: Ngoại nghiệp + Nội nghiệp | E92: MPN/100ml | F92: 0.8 | G92: 250000 | H92: 35000 | I92: 120000
A93: 89 | B93: NB10 | C93: Phiêu sinh thực vật (Giám sát hệ sinh thái thủy sinh) | D93: Ngoại nghiệp + Nội nghiệp | F93: 0.8 | G93: 250000 | H93: 35000 | I93: 120000
A94: 90 | B94: NB10 | C94: Phiêu sinh động vật (Giám sát hệ sinh thái thủy sinh) | D94: Ngoại nghiệp + Nội nghiệp | F94: 0.8 | G94: 250000 | H94: 35000 | I94: 120000
A95: 91 | B95: NB19c | C95: Động vật đáy (Giám sát hệ sinh thái thủy sinh) | D95: Ngoại nghiệp + Nội nghiệp | F95: 0.8 | G95: 250000 | H95: 35000 | I95: 120000
A96: 92 | B96: NT4b | C96: Màu (Giám sát nước thải) | D96: Ngoại nghiệp + Nội nghiệp | E96: mg/l | F96: 0.8 | G96: 250000 | H96: 35000 | I96: 120000
A97: 93 | B97: NT5a | C97: BOD5 (Giám sát nước thải) | D97: Ngoại nghiệp + Nội nghiệp | E97: mg/l | F97: 0.8 | G97: 250000 | H97: 35000 | I97: 120000
A98: 94 | B98: NT10l1 | C98: Asen (Giám sát nước thải) | D98: Ngoại nghiệp + Nội nghiệp | E98: mg/l | F98: 0.8 | G98: 250000 | H98: 35000 | I98: 120000
A99: 95 | B99: NT10l2 | C99: Thủy ngân (Giám sát nước thải) | D99: Ngoại nghiệp + Nội nghiệp | E99: mg/l | F99: 0.8 | G99: 250000 | H99: 35000 | I99: 120000
A100: 96 | B100: NT10k1 | C100: Chì (Giám sát nước thải) | D100: Ngoại nghiệp + Nội nghiệp | E100: mg/l | F100: 0.8 | G100: 250000 | H100: 35000 | I100: 120000
A101: 97 | B101: NT10k2 | C101: Cadimi (Giám sát nước thải) | D101: Ngoại nghiệp + Nội nghiệp | E101: mg/l | F101: 0.8 | G101: 250000 | H101: 35000 | I101: 120000
A102: 98 | B102: NT10m5 | C102: Crom (III) (Giám sát nước thải) | D102: Ngoại nghiệp + Nội nghiệp | E102: mg/l | F102: 0.8 | G102: 250000 | H102: 35000 | I102: 120000
A103: 99 | B103: NT10đ | C103: Crom (VI) (Giám sát nước thải) | D103: Ngoại nghiệp + Nội nghiệp | E103: mg/l | F103: 0.8 | G103: 250000 | H103: 35000 | I103: 120000
A104: 100 | B104: NT10m1 | C104: Đồng (Giám sát nước thải) | D104: Ngoại nghiệp + Nội nghiệp | E104: mg/l | F104: 0.8 | G104: 250000 | H104: 35000 | I104: 120000
A105: 101 | B105: NT10m2 | C105: Kẽm (Giám sát nước thải) | D105: Ngoại nghiệp + Nội nghiệp | E105: mg/l | F105: 0.8 | G105: 250000 | H105: 35000 | I105: 120000
A106: 102 | B106: NT10m6 | C106: Niken (Giám sát nước thải) | D106: Ngoại nghiệp + Nội nghiệp | E106: mg/l | F106: 0.8 | G106: 250000 | H106: 35000 | I106: 120000
A107: 103 | B107: NT10m3 | C107: Mangan (Giám sát nước thải) | D107: Ngoại nghiệp + Nội nghiệp | E107: mg/l | F107: 0.8 | G107: 250000 | H107: 35000 | I107: 120000
... A257: 253 | B257: CT8m | C257: Ag (Giám sát bùn thải) | D257: Ngoại nghiệp + Nội nghiệp | E257: mg/l | F257: 0.8 | G257: 250000 | H257: 35000 | I257: 120000

Sheet DM_GiaVatTu
A1: BẢNG GIÁ GỐC & THÔNG BÁO GIÁ QUAN TRẮC MÔI TRƯỜNG NĂM 2026
A2: (Căn cứ: QĐ 80/2026/QĐ-UBND 22 ngày/tháng, KQLCNT IB2600096765 chia 1.08 trước thuế & TT 45/2013)
A4: BẢNG 1: ĐƠN GIÁ TIỀN LƯƠNG NHÂN CÔNG VIÊN CHỨC (22 NGÀY LÀM VIỆC CHUẨN)
A5: Mã Bậc | B5: Chức Danh Chuyên Môn (TTLT 56) | C5: Hệ Số Lương | D5: Lương Cơ Bản (VNĐ/tháng) | E5: Đơn Giá Ngày Công (/22 ngày) | F5: Ghi Chú
A6: NC_III_1 | B6: Quan trắc viên tài nguyên môi trường Bậc 1 | C6: 2.34 | D6: 5475600 | E6: 248891 | F6: Chuẩn TTLT 56/2015 chia 22 ngày
A7: NC_III_2 | B7: Quan trắc viên tài nguyên môi trường Bậc 2 | C7: 2.67 | D7: 6247800 | E7: 283991 | F7: Chuẩn TTLT 56/2015 chia 22 ngày
A8: NC_III_3 | B8: Quan trắc viên tài nguyên môi trường Bậc 3 | C8: 3 | D8: 7020000 | E8: 319091 | F8: Chuẩn TTLT 56/2015 chia 22 ngày
A9: NC_III_4 | B9: Quan trắc viên tài nguyên môi trường Bậc 4 | C9: 3.33 | D9: 7792200 | E9: 354191 | F9: Chuẩn TTLT 56/2015 chia 22 ngày
A10: NC_II_1 | B10: Quan trắc viên chính tài nguyên môi trường Bậc 1 | C10: 4.4 | D10: 10296000 | E10: 468000 | F10: Chuẩn TTLT 56/2015 chia 22 ngày
A11: NC_PT | B11: Lao động phổ thông / Phụ trợ ngoại nghiệp | C11: 1.86 | D11: 4352400 | E11: 197836 | F11: Hỗ trợ bốc vác, chèo thuyền
A13: BẢNG 2: ĐƠN GIÁ VẬT LIỆU, HÓA CHẤT, KHÍ CHUẨN (TRƯỚC THUẾ = KQLCNT IB2600096765 / 1.08)
A14: Mã Vật Tư | B14: Tên Hóa Chất, Khí Chuẩn, Dung Môi | C14: ĐVT | D14: Đơn Giá Trước Thuế (/1.08) | E14: Mã TBMT / Nguồn Tra Cứu | F14: Hãng Sản Xuất & Xuất Xứ
A15: VL_001 | B15: (NH4)2Fe(SO4)2.6H2O | C15: gam | D15: 1180 | E15: IB2600096765 | F15: Merck / Hach / Air Liquide
A16: VL_002 | B16: (NH4)2HPO4 | C16: gam | D16: 1180 | E16: IB2600096765 | F16: Merck / Hach / Air Liquide
A17: VL_003 | B17: (NH4)6Mo7O24.4H2O | C17: gam | D17: 1180 | E17: IB2600096765 | F17: Merck / Hach / Air Liquide
A18: VL_004 | B18: 1,5-Diphenylcacbazid (C13H14N4O) | C18: gam | D18: 1180 | E18: IB2600096765 | F18: Merck / Hach / Air Liquide
A19: VL_005 | B19: Aceton | C19: Lít | D19: 191100 | E19: IB2600096765 | F19: Merck / Hach / Air Liquide
A20: VL_006 | B20: Aceton | C20: ml | D20: 235 | E20: IB2600096765 | F20: Merck / Hach / Air Liquide
A21: VL_007 | B21: Ag2SO4 | C21: gam | D21: 31360 | E21: IB2600096765 | F21: Merck / Hach / Air Liquide
A22: VL_008 | B22: AgNO3 | C22: Gram | D22: 31360 | E22: IB2600096765 | F22: Merck / Hach / Air Liquide
A23: VL_009 | B23: Axit Bacbituric | C23: Gram | D23: 1180 | E23: IB2600096765 | F23: Merck / Hach / Air Liquide
A24: VL_010 | B24: Axit ascorbic | C24: gam | D24: 1180 | E24: IB2600096765 | F24: Merck / Hach / Air Liquide
A25: VL_011 | B25: Axit sulphamic | C25: gam | D25: 1180 | E25: IB2600096765 | F25: Merck / Hach / Air Liquide
A26: VL_012 | B26: Axít acetic | C26: ml | D26: 314 | E26: IB2600096765 | F26: Merck / Hach / Air Liquide
... A74: VL_060 | B74: Giấy A4 | C74: gam | D74: 1180 | E74: IB2600096765 | F74: Merck / Hach / Air Liquide
A76: BẢNG 3: ĐƠN GIÁ CA MÁY & THIẾT BỊ PHÂN TÍCH THEO THÔNG TƯ 45/2013/TT-BTC
A77: Mã Máy | B77: Tên Thiết Bị Quan Trắc / Phân Tích | C77: ĐVT | D77: Nguyên Giá (VNĐ) | E77: Số Ca Chuẩn/Năm | F77: Khấu Hao 1 Ca | G77: Sửa Chữa 1 Ca | H77: Điện Năng 1 Ca | I77: Đơn Giá 1 Ca Máy
A78: TB_001 | B78: Bơm chân không | C78: Ca | D78: 150000000 | E78: 250 | F78: 60000 | G78: 18000 | H78: 14400 | I78: 92400
A79: TB_002 | B79: Bộ chuẩn lưu lượng | C79: Ca | D79: 150000000 | E79: 250 | F79: 60000 | G79: 18000 | H79: 7200 | I79: 85200
A80: TB_003 | B80: Bộ lưu giữ số liệu (Data logger) | C80: Ca | D80: 150000000 | E80: 250 | F80: 60000 | G80: 18000 | H80: 14400 | I80: 92400
A81: TB_004 | B81: Bộ lấy mẫu khí | C81: Ca | D81: 150000000 | E81: 250 | F81: 60000 | G81: 18000 | H81: 14400 | I81: 92400
A82: TB_005 | B82: Bộ lọc hút chân không | C82: Ca | D82: 150000000 | E82: 250 | F82: 60000 | G82: 18000 | H82: 6480 | I82: 84480
A83: TB_006 | B83: Bộ phân tích thủy ngân và asen MHS hoặc FIAS | C83: Ca | D83: 150000000 | E83: 250 | F83: 60000 | G83: 18000 | H83: 8640 | I83: 86640
A84: TB_007 | B84: Bộ tạo khí 0 (zezo) | C84: Ca | D84: 150000000 | E84: 250 | F84: 60000 | G84: 18000 | H84: 0 | I84: 78000
A85: TB_008 | B85: Cân phân tích | C85: Ca | D85: 150000000 | E85: 250 | F85: 60000 | G85: 18000 | H85: 864 | I85: 78864
A86: TB_009 | B86: Hệ thống nạp mẫu khí | C86: Ca | D86: 150000000 | E86: 250 | F86: 60000 | G86: 18000 | H86: 2160 | I86: 80160
A87: TB_010 | B87: LAmax | C87: Ca | D87: 150000000 | E87: 250 | F87: 60000 | G87: 18000 | H87: 0 | I87: 78000
A88: TB_011 | B88: Lò chuyển hóa | C88: Ca | D88: 150000000 | E88: 250 | F88: 60000 | G88: 18000 | H88: 4320 | I88: 82320
A89: TB_012 | B89: Lò vi sóng | C89: Ca | D89: 150000000 | E89: 250 | F89: 60000 | G89: 18000 | H89: 1440 | I89: 79440
... A107: TB_030 | B107: Máy định vị GPS cầm tay | C107: Ca | D107: 150000000 | E107: 250 | F107: 60000 | G107: 18000 | H107: 0 | I107: 78000

Sheet DuToan
A1: BẢNG DỰ TOÁN CHI TIẾT CHI PHÍ QUAN TRẮC MÔI TRƯỜNG NĂM 2026 - EVN VĨNH TÂN 4
A2: (Hệ công thức sống XLOOKUP, khử trùng lặp M >= 1, bóc tách NC +20%, VL +8%, DC +10% chia 22 ca, K4.5)
A4: STT | B4: Mã Hiệu TT20 | C4: Tên Thông Số Công Tác | D4: ĐVT | E4: Số Lượng Mẫu (Q) | F4: Số Thông Số Dùng Chung (M) | G4: Hao Phí NC Gốc | H4: Ngày Công NN (+20%/M) | I4: Ngày Công Lab | J4: Đơn Giá Ngày Công (VNĐ) | K4: Thành Tiền NC (C_NC) | L4: Thành Tiền VL (C_VL, +8%) | M4: Thành Tiền DC (C_DC, +10%) | N4: Thành Tiền TB (C_TB) | O4: Chi Phí Tính Riêng (K4.5) | P4: Tổng Chi Phí Trực Tiếp (T) | Q4: Đơn Giá 1 Mẫu (VNĐ)
A5: 1 | B5: KK1a | C5: Nhiệt độ | D5: 0C | E5: 10 | F5: 1 | G5: =IFERROR(XLOOKUP(B5, DM_DinhMuc_TT20!$B:$B, DM_DinhMuc_TT20!$F:$F, 0.8), 0.8) | H5: =ROUND((G5 * 0.4 * 1.2) / IF(F5>0, F5, 1), 4) | I5: =ROUND(G5 * 0.6, 4) | J5: =DM_GiaVatTu!$E$8 | K5: =ROUND((H5 + I5) * J5 * E5, 0) | L5: =ROUND(E5 * 1.08 * IFERROR(XLOOKUP(B5, DM_DinhMuc_TT20!$B:$B, DM_DinhMuc_TT20!$G:$G, 150000), 150000), 0) | M5: =ROUND(E5 * 1.10 * IFERROR(XLOOKUP(B5, DM_DinhMuc_TT20!$B:$B, DM_DinhMuc_TT20!$H:$H, 25000), 25000), 0) | N5: =ROUND(E5 * IFERROR(XLOOKUP(B5, DM_DinhMuc_TT20!$B:$B, DM_DinhMuc_TT20!$I:$I, 80000), 80000), 0) | O5: 0 | P5: =K5+L5+M5+N5+O5 | Q5: =IF(E5>0, ROUND(P5/E5, 0), 0)
A6: 2 | B6: KK1b | C6: Độ ẩm | D6: % | E6: 10 | F6: 1 | G6: =IFERROR(XLOOKUP(B6, DM_DinhMuc_TT20!$B:$B, DM_DinhMuc_TT20!$F:$F, 0.8), 0.8) | H6: =ROUND((G6 * 0.4 * 1.2) / IF(F6>0, F6, 1), 4) | I6: =ROUND(G6 * 0.6, 4) | J6: =DM_GiaVatTu!$E$8 | K6: =ROUND((H6 + I6) * J6 * E6, 0) | L6: =ROUND(E6 * 1.08 * IFERROR(XLOOKUP(B6, DM_DinhMuc_TT20!$B:$B, DM_DinhMuc_TT20!$G:$G, 150000), 150000), 0) | M6: =ROUND(E6 * 1.10 * IFERROR(XLOOKUP(B6, DM_DinhMuc_TT20!$B:$B, DM_DinhMuc_TT20!$H:$H, 25000), 25000), 0) | N6: =ROUND(E6 * IFERROR(XLOOKUP(B6, DM_DinhMuc_TT20!$B:$B, DM_DinhMuc_TT20!$I:$I, 80000), 80000), 0) | O6: 0 | P6: =K6+L6+M6+N6+O6 | Q6: =IF(E6>0, ROUND(P6/E6, 0), 0)
A7: 3 | B7: KK2b | C7: Hướng gió | D7: - | E7: 10 | F7: 1 | G7: =IFERROR(XLOOKUP(B7, DM_DinhMuc_TT20!$B:$B, DM_DinhMuc_TT20!$F:$F, 0.8), 0.8) | H7: =ROUND((G7 * 0.4 * 1.2) / IF(F7>0, F7, 1), 4) | I7: =ROUND(G7 * 0.6, 4) | J7: =DM_GiaVatTu!$E$8 | K7: =ROUND((H7 + I7) * J7 * E7, 0) | L7: =ROUND(E7 * 1.08 * IFERROR(XLOOKUP(B7, DM_DinhMuc_TT20!$B:$B, DM_DinhMuc_TT20!$G:$G, 150000), 150000), 0) | M7: =ROUND(E7 * 1.10 * IFERROR(XLOOKUP(B7, DM_DinhMuc_TT20!$B:$B, DM_DinhMuc_TT20!$H:$H, 25000), 25000), 0) | N7: =ROUND(E7 * IFERROR(XLOOKUP(B7, DM_DinhMuc_TT20!$B:$B, DM_DinhMuc_TT20!$I:$I, 80000), 80000), 0) | O7: 0 | P7: =K7+L7+M7+N7+O7 | Q7: =IF(E7>0, ROUND(P7/E7, 0), 0)
A8: 4 | B8: KK2a | C8: Tốc độ gió | D8: m/s | E8: 10 | F8: 1 | G8: =IFERROR(XLOOKUP(B8, DM_DinhMuc_TT20!$B:$B, DM_DinhMuc_TT20!$F:$F, 0.8), 0.8) | H8: =ROUND((G8 * 0.4 * 1.2) / IF(F8>0, F8, 1), 4) | I8: =ROUND(G8 * 0.6, 4) | J8: =DM_GiaVatTu!$E$8 | K8: =ROUND((H8 + I8) * J8 * E8, 0) | L8: =ROUND(E8 * 1.08 * IFERROR(XLOOKUP(B8, DM_DinhMuc_TT20!$B:$B, DM_DinhMuc_TT20!$G:$G, 150000), 150000), 0) | M8: =ROUND(E8 * 1.10 * IFERROR(XLOOKUP(B8, DM_DinhMuc_TT20!$B:$B, DM_DinhMuc_TT20!$H:$H, 25000), 25000), 0) | N8: =ROUND(E8 * IFERROR(XLOOKUP(B8, DM_DinhMuc_TT20!$B:$B, DM_DinhMuc_TT20!$I:$I, 80000), 80000), 0) | O8: 0 | P8: =K8+L8+M8+N8+O8 | Q8: =IF(E8>0, ROUND(P8/E8, 0), 0)
A9: 5 | B9: TO1a | C9: Tiếng ồn | D9: dBA | E9: 10 | F9: 1 | G9: =IFERROR(XLOOKUP(B9, DM_DinhMuc_TT20!$B:$B, DM_DinhMuc_TT20!$F:$F, 0.8), 0.8) | H9: =ROUND((G9 * 0.4 * 1.2) / IF(F9>0, F9, 1), 4) | I9: =ROUND(G9 * 0.6, 4) | J9: =DM_GiaVatTu!$E$8 | K9: =ROUND((H9 + I9) * J9 * E9, 0) | L9: =ROUND(E9 * 1.08 * IFERROR(XLOOKUP(B9, DM_DinhMuc_TT20!$B:$B, DM_DinhMuc_TT20!$G:$G, 150000), 150000), 0) | M9: =ROUND(E9 * 1.10 * IFERROR(XLOOKUP(B9, DM_DinhMuc_TT20!$B:$B, DM_DinhMuc_TT20!$H:$H, 25000), 25000), 0) | N9: =ROUND(E9 * IFERROR(XLOOKUP(B9, DM_DinhMuc_TT20!$B:$B, DM_DinhMuc_TT20!$I:$I, 80000), 80000), 0) | O9: 0 | P9: =K9+L9+M9+N9+O9 | Q9: =IF(E9>0, ROUND(P9/E9, 0), 0)
A10: 6 | B10: ĐR01 | C10: Độ rung | D10: dB | E10: 10 | F10: 1 | G10: =IFERROR(XLOOKUP(B10, DM_DinhMuc_TT20!$B:$B, DM_DinhMuc_TT20!$F:$F, 0.8), 0.8) | H10: =ROUND((G10 * 0.4 * 1.2) / IF(F10>0, F10, 1), 4) | I10: =ROUND(G10 * 0.6, 4) | J10: =DM_GiaVatTu!$E$8 | K10: =ROUND((H10 + I10) * J10 * E10, 0) | L10: =ROUND(E10 * 1.08 * IFERROR(XLOOKUP(B10, DM_DinhMuc_TT20!$B:$B, DM_DinhMuc_TT20!$G:$G, 150000), 150000), 0) | M10: =ROUND(E10 * 1.10 * IFERROR(XLOOKUP(B10, DM_DinhMuc_TT20!$B:$B, DM_DinhMuc_TT20!$H:$H, 25000), 25000), 0) | N10: =ROUND(E10 * IFERROR(XLOOKUP(B10, DM_DinhMuc_TT20!$B:$B, DM_DinhMuc_TT20!$I:$I, 80000), 80000), 0) | O10: 0 | P10: =K10+L10+M10+N10+O10 | Q10: =IF(E10>0, ROUND(P10/E10, 0), 0)
A11: 7 | B11: KK4a | C11: Tổng bụi lơ lửng | D11: µg/Nm3 | E11: 10 | F11: 1 | G11: =IFERROR(XLOOKUP(B11, DM_DinhMuc_TT20!$B:$B, DM_DinhMuc_TT20!$F:$F, 0.8), 0.8) | H11: =ROUND((G11 * 0.4 * 1.2) / IF(F11>0, F11, 1), 4) | I11: =ROUND(G11 * 0.6, 4) | J11: =DM_GiaVatTu!$E$8 | K11: =ROUND((H11 + I11) * J11 * E11, 0) | L11: =ROUND(E11 * 1.08 * IFERROR(XLOOKUP(B11, DM_DinhMuc_TT20!$B:$B, DM_DinhMuc_TT20!$G:$G, 150000), 150000), 0) | M11: =ROUND(E11 * 1.10 * IFERROR(XLOOKUP(B11, DM_DinhMuc_TT20!$B:$B, DM_DinhMuc_TT20!$H:$H, 25000), 25000), 0) | N11: =ROUND(E11 * IFERROR(XLOOKUP(B11, DM_DinhMuc_TT20!$B:$B, DM_DinhMuc_TT20!$I:$I, 80000), 80000), 0) | O11: 0 | P11: =K11+L11+M11+N11+O11 | Q11: =IF(E11>0, ROUND(P11/E11, 0), 0)
A12: 8 | B12: KK4c | C12: Bụi PM10 | D12: µg/Nm3 | E12: 10 | F12: 1 | G12: =IFERROR(XLOOKUP(B12, DM_DinhMuc_TT20!$B:$B, DM_DinhMuc_TT20!$F:$F, 0.8), 0.8) | H12: =ROUND((G12 * 0.4 * 1.2) / IF(F12>0, F12, 1), 4) | I12: =ROUND(G12 * 0.6, 4) | J12: =DM_GiaVatTu!$E$8 | K12: =ROUND((H12 + I12) * J12 * E12, 0) | L12: =ROUND(E12 * 1.08 * IFERROR(XLOOKUP(B12, DM_DinhMuc_TT20!$B:$B, DM_DinhMuc_TT20!$G:$G, 150000), 150000), 0) | M12: =ROUND(E12 * 1.10 * IFERROR(XLOOKUP(B12, DM_DinhMuc_TT20!$B:$B, DM_DinhMuc_TT20!$H:$H, 25000), 25000), 0) | N12: =ROUND(E12 * IFERROR(XLOOKUP(B12, DM_DinhMuc_TT20!$B:$B, DM_DinhMuc_TT20!$I:$I, 80000), 80000), 0) | O12: 0 | P12: =K12+L12+M12+N12+O12 | Q12: =IF(E12>0, ROUND(P12/E12, 0), 0)
A13: 9 | B13: KK7 | C13: SO 2 | D13: µg/Nm3 | E13: 10 | F13: 1 | G13: =IFERROR(XLOOKUP(B13, DM_DinhMuc_TT20!$B:$B, DM_DinhMuc_TT20!$F:$F, 0.8), 0.8) | H13: =ROUND((G13 * 0.4 * 1.2) / IF(F13>0, F13, 1), 4) | I13: =ROUND(G13 * 0.6, 4) | J13: =DM_GiaVatTu!$E$8 | K13: =ROUND((H13 + I13) * J13 * E13, 0) | L13: =ROUND(E13 * 1.08 * IFERROR(XLOOKUP(B13, DM_DinhMuc_TT20!$B:$B, DM_DinhMuc_TT20!$G:$G, 150000), 150000), 0) | M13: =ROUND(E13 * 1.10 * IFERROR(XLOOKUP(B13, DM_DinhMuc_TT20!$B:$B, DM_DinhMuc_TT20!$H:$H, 25000), 25000), 0) | N13: =ROUND(E13 * IFERROR(XLOOKUP(B13, DM_DinhMuc_TT20!$B:$B, DM_DinhMuc_TT20!$I:$I, 80000), 80000), 0) | O13: 0 | P13: =K13+L13+M13+N13+O13 | Q13: =IF(E13>0, ROUND(P13/E13, 0), 0)
A14: 10 | B14: KK6 | C14: NO 2 | D14: µg/Nm3 | E14: 10 | F14: 1 | G14: =IFERROR(XLOOKUP(B14, DM_DinhMuc_TT20!$B:$B, DM_DinhMuc_TT20!$F:$F, 0.8), 0.8) | H14: =ROUND((G14 * 0.4 * 1.2) / IF(F14>0, F14, 1), 4) | I14: =ROUND(G14 * 0.6, 4) | J14: =DM_GiaVatTu!$E$8 | K14: =ROUND((H14 + I14) * J14 * E14, 0) | L14: =ROUND(E14 * 1.08 * IFERROR(XLOOKUP(B14, DM_DinhMuc_TT20!$B:$B, DM_DinhMuc_TT20!$G:$G, 150000), 150000), 0) | M14: =ROUND(E14 * 1.10 * IFERROR(XLOOKUP(B14, DM_DinhMuc_TT20!$B:$B, DM_DinhMuc_TT20!$H:$H, 25000), 25000), 0) | N14: =ROUND(E14 * IFERROR(XLOOKUP(B14, DM_DinhMuc_TT20!$B:$B, DM_DinhMuc_TT20!$I:$I, 80000), 80000), 0) | O14: 0 | P14: =K14+L14+M14+N14+O14 | Q14: =IF(E14>0, ROUND(P14/E14, 0), 0)
A15: 11 | B15: KK5a | C15: CO | D15: µg/Nm3 | E15: 10 | F15: 1 | G15: =IFERROR(XLOOKUP(B15, DM_DinhMuc_TT20!$B:$B, DM_DinhMuc_TT20!$F:$F, 0.8), 0.8) | H15: =ROUND((G15 * 0.4 * 1.2) / IF(F15>0, F15, 1), 4) | I15: =ROUND(G15 * 0.6, 4) | J15: =DM_GiaVatTu!$E$8 | K15: =ROUND((H15 + I15) * J15 * E15, 0) | L15: =ROUND(E15 * 1.08 * IFERROR(XLOOKUP(B15, DM_DinhMuc_TT20!$B:$B, DM_DinhMuc_TT20!$G:$G, 150000), 150000), 0) | M15: =ROUND(E15 * 1.10 * IFERROR(XLOOKUP(B15, DM_DinhMuc_TT20!$B:$B, DM_DinhMuc_TT20!$H:$H, 25000), 25000), 0) | N15: =ROUND(E15 * IFERROR(XLOOKUP(B15, DM_DinhMuc_TT20!$B:$B, DM_DinhMuc_TT20!$I:$I, 80000), 80000), 0) | O15: 0 | P15: =K15+L15+M15+N15+O15 | Q15: =IF(E15>0, ROUND(P15/E15, 0), 0)
A16: 12 | B16: NT5b | C16: COD | D16: mg/l | E16: 4 | F16: 1 | G16: =IFERROR(XLOOKUP(B16, DM_DinhMuc_TT20!$B:$B, DM_DinhMuc_TT20!$F:$F, 0.8), 0.8) | H16: =ROUND((G16 * 0.4 * 1.2) / IF(F16>0, F16, 1), 4) | I16: =ROUND(G16 * 0.6, 4) | J16: =DM_GiaVatTu!$E$8 | K16: =ROUND((H16 + I16) * J16 * E16, 0) | L16: =ROUND(E16 * 1.08 * IFERROR(XLOOKUP(B16, DM_DinhMuc_TT20!$B:$B, DM_DinhMuc_TT20!$G:$G, 150000), 150000), 0) | M16: =ROUND(E16 * 1.10 * IFERROR(XLOOKUP(B16, DM_DinhMuc_TT20!$B:$B, DM_DinhMuc_TT20!$H:$H, 25000), 25000), 0) | N16: =ROUND(E16 * IFERROR(XLOOKUP(B16, DM_DinhMuc_TT20!$B:$B, DM_DinhMuc_TT20!$I:$I, 80000), 80000), 0) | O16: 0 | P16: =K16+L16+M16+N16+O16 | Q16: =IF(E16>0, ROUND(P16/E16, 0), 0)
... A92: 88 | B92: NB18 | C92: Coliform | D92: MPN/100ml | E92: 10 | F92: 1 | G92: =IFERROR(XLOOKUP(B92, DM_DinhMuc_TT20!$B:$B, DM_DinhMuc_TT20!$F:$F, 0.8), 0.8) | H92: =ROUND((G92 * 0.4 * 1.2) / IF(F92>0, F92, 1), 4) | I92: =ROUND(G92 * 0.6, 4) | J92: =DM_GiaVatTu!$E$8 | K92: =ROUND((H92 + I92) * J92 * E92, 0) | L92: =ROUND(E92 * 1.08 * IFERROR(XLOOKUP(B92, DM_DinhMuc_TT20!$B:$B, DM_DinhMuc_TT20!$G:$G, 150000), 150000), 0) | M92: =ROUND(E92 * 1.10 * IFERROR(XLOOKUP(B92, DM_DinhMuc_TT20!$B:$B, DM_DinhMuc_TT20!$H:$H, 25000), 25000), 0) | N92: =ROUND(E92 * IFERROR(XLOOKUP(B92, DM_DinhMuc_TT20!$B:$B, DM_DinhMuc_TT20!$I:$I, 80000), 80000), 0) | O92: 0 | P92: =K92+L92+M92+N92+O92 | Q92: =IF(E92>0, ROUND(P92/E92, 0), 0)
A93: 89 | B93: NB10 | C93: Phiêu sinh thực vật | E93: 5 | F93: 1 | G93: =IFERROR(XLOOKUP(B93, DM_DinhMuc_TT20!$B:$B, DM_DinhMuc_TT20!$F:$F, 0.8), 0.8) | H93: =ROUND((G93 * 0.4 * 1.2) / IF(F93>0, F93, 1), 4) | I93: =ROUND(G93 * 0.6, 4) | J93: =DM_GiaVatTu!$E$8 | K93: =ROUND((H93 + I93) * J93 * E93, 0) | L93: =ROUND(E93 * 1.08 * IFERROR(XLOOKUP(B93, DM_DinhMuc_TT20!$B:$B, DM_DinhMuc_TT20!$G:$G, 150000), 150000), 0) | M93: =ROUND(E93 * 1.10 * IFERROR(XLOOKUP(B93, DM_DinhMuc_TT20!$B:$B, DM_DinhMuc_TT20!$H:$H, 25000), 25000), 0) | N93: =ROUND(E93 * IFERROR(XLOOKUP(B93, DM_DinhMuc_TT20!$B:$B, DM_DinhMuc_TT20!$I:$I, 80000), 80000), 0) | O93: 0 | P93: =K93+L93+M93+N93+O93 | Q93: =IF(E93>0, ROUND(P93/E93, 0), 0)
A94: 90 | B94: NB10 | C94: Phiêu sinh động vật | E94: 5 | F94: 1 | G94: =IFERROR(XLOOKUP(B94, DM_DinhMuc_TT20!$B:$B, DM_DinhMuc_TT20!$F:$F, 0.8), 0.8) | H94: =ROUND((G94 * 0.4 * 1.2) / IF(F94>0, F94, 1), 4) | I94: =ROUND(G94 * 0.6, 4) | J94: =DM_GiaVatTu!$E$8 | K94: =ROUND((H94 + I94) * J94 * E94, 0) | L94: =ROUND(E94 * 1.08 * IFERROR(XLOOKUP(B94, DM_DinhMuc_TT20!$B:$B, DM_DinhMuc_TT20!$G:$G, 150000), 150000), 0) | M94: =ROUND(E94 * 1.10 * IFERROR(XLOOKUP(B94, DM_DinhMuc_TT20!$B:$B, DM_DinhMuc_TT20!$H:$H, 25000), 25000), 0) | N94: =ROUND(E94 * IFERROR(XLOOKUP(B94, DM_DinhMuc_TT20!$B:$B, DM_DinhMuc_TT20!$I:$I, 80000), 80000), 0) | O94: 0 | P94: =K94+L94+M94+N94+O94 | Q94: =IF(E94>0, ROUND(P94/E94, 0), 0)
A95: 91 | B95: NB19c | C95: Động vật đáy | E95: 5 | F95: 1 | G95: =IFERROR(XLOOKUP(B95, DM_DinhMuc_TT20!$B:$B, DM_DinhMuc_TT20!$F:$F, 0.8), 0.8) | H95: =ROUND((G95 * 0.4 * 1.2) / IF(F95>0, F95, 1), 4) | I95: =ROUND(G95 * 0.6, 4) | J95: =DM_GiaVatTu!$E$8 | K95: =ROUND((H95 + I95) * J95 * E95, 0) | L95: =ROUND(E95 * 1.08 * IFERROR(XLOOKUP(B95, DM_DinhMuc_TT20!$B:$B, DM_DinhMuc_TT20!$G:$G, 150000), 150000), 0) | M95: =ROUND(E95 * 1.10 * IFERROR(XLOOKUP(B95, DM_DinhMuc_TT20!$B:$B, DM_DinhMuc_TT20!$H:$H, 25000), 25000), 0) | N95: =ROUND(E95 * IFERROR(XLOOKUP(B95, DM_DinhMuc_TT20!$B:$B, DM_DinhMuc_TT20!$I:$I, 80000), 80000), 0) | O95: 0 | P95: =K95+L95+M95+N95+O95 | Q95: =IF(E95>0, ROUND(P95/E95, 0), 0)
A96: 92 | B96: NT4b | C96: Màu | D96: mg/l | E96: 4 | F96: 1 | G96: =IFERROR(XLOOKUP(B96, DM_DinhMuc_TT20!$B:$B, DM_DinhMuc_TT20!$F:$F, 0.8), 0.8) | H96: =ROUND((G96 * 0.4 * 1.2) / IF(F96>0, F96, 1), 4) | I96: =ROUND(G96 * 0.6, 4) | J96: =DM_GiaVatTu!$E$8 | K96: =ROUND((H96 + I96) * J96 * E96, 0) | L96: =ROUND(E96 * 1.08 * IFERROR(XLOOKUP(B96, DM_DinhMuc_TT20!$B:$B, DM_DinhMuc_TT20!$G:$G, 150000), 150000), 0) | M96: =ROUND(E96 * 1.10 * IFERROR(XLOOKUP(B96, DM_DinhMuc_TT20!$B:$B, DM_DinhMuc_TT20!$H:$H, 25000), 25000), 0) | N96: =ROUND(E96 * IFERROR(XLOOKUP(B96, DM_DinhMuc_TT20!$B:$B, DM_DinhMuc_TT20!$I:$I, 80000), 80000), 0) | O96: 0 | P96: =K96+L96+M96+N96+O96 | Q96: =IF(E96>0, ROUND(P96/E96, 0), 0)
A97: 93 | B97: NT5a | C97: BOD5 | D97: mg/l | E97: 4 | F97: 1 | G97: =IFERROR(XLOOKUP(B97, DM_DinhMuc_TT20!$B:$B, DM_DinhMuc_TT20!$F:$F, 0.8), 0.8) | H97: =ROUND((G97 * 0.4 * 1.2) / IF(F97>0, F97, 1), 4) | I97: =ROUND(G97 * 0.6, 4) | J97: =DM_GiaVatTu!$E$8 | K97: =ROUND((H97 + I97) * J97 * E97, 0) | L97: =ROUND(E97 * 1.08 * IFERROR(XLOOKUP(B97, DM_DinhMuc_TT20!$B:$B, DM_DinhMuc_TT20!$G:$G, 150000), 150000), 0) | M97: =ROUND(E97 * 1.10 * IFERROR(XLOOKUP(B97, DM_DinhMuc_TT20!$B:$B, DM_DinhMuc_TT20!$H:$H, 25000), 25000), 0) | N97: =ROUND(E97 * IFERROR(XLOOKUP(B97, DM_DinhMuc_TT20!$B:$B, DM_DinhMuc_TT20!$I:$I, 80000), 80000), 0) | O97: 0 | P97: =K97+L97+M97+N97+O97 | Q97: =IF(E97>0, ROUND(P97/E97, 0), 0)
A98: 94 | B98: NT10l1 | C98: Asen | D98: mg/l | E98: 4 | F98: 1 | G98: =IFERROR(XLOOKUP(B98, DM_DinhMuc_TT20!$B:$B, DM_DinhMuc_TT20!$F:$F, 0.8), 0.8) | H98: =ROUND((G98 * 0.4 * 1.2) / IF(F98>0, F98, 1), 4) | I98: =ROUND(G98 * 0.6, 4) | J98: =DM_GiaVatTu!$E$8 | K98: =ROUND((H98 + I98) * J98 * E98, 0) | L98: =ROUND(E98 * 1.08 * IFERROR(XLOOKUP(B98, DM_DinhMuc_TT20!$B:$B, DM_DinhMuc_TT20!$G:$G, 150000), 150000), 0) | M98: =ROUND(E98 * 1.10 * IFERROR(XLOOKUP(B98, DM_DinhMuc_TT20!$B:$B, DM_DinhMuc_TT20!$H:$H, 25000), 25000), 0) | N98: =ROUND(E98 * IFERROR(XLOOKUP(B98, DM_DinhMuc_TT20!$B:$B, DM_DinhMuc_TT20!$I:$I, 80000), 80000), 0) | O98: 0 | P98: =K98+L98+M98+N98+O98 | Q98: =IF(E98>0, ROUND(P98/E98, 0), 0)
A99: 95 | B99: NT10l2 | C99: Thủy ngân | D99: mg/l | E99: 4 | F99: 1 | G99: =IFERROR(XLOOKUP(B99, DM_DinhMuc_TT20!$B:$B, DM_DinhMuc_TT20!$F:$F, 0.8), 0.8) | H99: =ROUND((G99 * 0.4 * 1.2) / IF(F99>0, F99, 1), 4) | I99: =ROUND(G99 * 0.6, 4) | J99: =DM_GiaVatTu!$E$8 | K99: =ROUND((H99 + I99) * J99 * E99, 0) | L99: =ROUND(E99 * 1.08 * IFERROR(XLOOKUP(B99, DM_DinhMuc_TT20!$B:$B, DM_DinhMuc_TT20!$G:$G, 150000), 150000), 0) | M99: =ROUND(E99 * 1.10 * IFERROR(XLOOKUP(B99, DM_DinhMuc_TT20!$B:$B, DM_DinhMuc_TT20!$H:$H, 25000), 25000), 0) | N99: =ROUND(E99 * IFERROR(XLOOKUP(B99, DM_DinhMuc_TT20!$B:$B, DM_DinhMuc_TT20!$I:$I, 80000), 80000), 0) | O99: 0 | P99: =K99+L99+M99+N99+O99 | Q99: =IF(E99>0, ROUND(P99/E99, 0), 0)
A100: 96 | B100: NT10k1 | C100: Chì | D100: mg/l | E100: 4 | F100: 1 | G100: =IFERROR(XLOOKUP(B100, DM_DinhMuc_TT20!$B:$B, DM_DinhMuc_TT20!$F:$F, 0.8), 0.8) | H100: =ROUND((G100 * 0.4 * 1.2) / IF(F100>0, F100, 1), 4) | I100: =ROUND(G100 * 0.6, 4) | J100: =DM_GiaVatTu!$E$8 | K100: =ROUND((H100 + I100) * J100 * E100, 0) | L100: =ROUND(E100 * 1.08 * IFERROR(XLOOKUP(B100, DM_DinhMuc_TT20!$B:$B, DM_DinhMuc_TT20!$G:$G, 150000), 150000), 0) | M100: =ROUND(E100 * 1.10 * IFERROR(XLOOKUP(B100, DM_DinhMuc_TT20!$B:$B, DM_DinhMuc_TT20!$H:$H, 25000), 25000), 0) | N100: =ROUND(E100 * IFERROR(XLOOKUP(B100, DM_DinhMuc_TT20!$B:$B, DM_DinhMuc_TT20!$I:$I, 80000), 80000), 0) | O100: 0 | P100: =K100+L100+M100+N100+O100 | Q100: =IF(E100>0, ROUND(P100/E100, 0), 0)
A101: 97 | B101: NT10k2 | C101: Cadimi | D101: mg/l | E101: 4 | F101: 1 | G101: =IFERROR(XLOOKUP(B101, DM_DinhMuc_TT20!$B:$B, DM_DinhMuc_TT20!$F:$F, 0.8), 0.8) | H101: =ROUND((G101 * 0.4 * 1.2) / IF(F101>0, F101, 1), 4) | I101: =ROUND(G101 * 0.6, 4) | J101: =DM_GiaVatTu!$E$8 | K101: =ROUND((H101 + I101) * J101 * E101, 0) | L101: =ROUND(E101 * 1.08 * IFERROR(XLOOKUP(B101, DM_DinhMuc_TT20!$B:$B, DM_DinhMuc_TT20!$G:$G, 150000), 150000), 0) | M101: =ROUND(E101 * 1.10 * IFERROR(XLOOKUP(B101, DM_DinhMuc_TT20!$B:$B, DM_DinhMuc_TT20!$H:$H, 25000), 25000), 0) | N101: =ROUND(E101 * IFERROR(XLOOKUP(B101, DM_DinhMuc_TT20!$B:$B, DM_DinhMuc_TT20!$I:$I, 80000), 80000), 0) | O101: 0 | P101: =K101+L101+M101+N101+O101 | Q101: =IF(E101>0, ROUND(P101/E101, 0), 0)
A102: 98 | B102: NT10m5 | C102: Crom (III) | D102: mg/l | E102: 4 | F102: 1 | G102: =IFERROR(XLOOKUP(B102, DM_DinhMuc_TT20!$B:$B, DM_DinhMuc_TT20!$F:$F, 0.8), 0.8) | H102: =ROUND((G102 * 0.4 * 1.2) / IF(F102>0, F102, 1), 4) | I102: =ROUND(G102 * 0.6, 4) | J102: =DM_GiaVatTu!$E$8 | K102: =ROUND((H102 + I102) * J102 * E102, 0) | L102: =ROUND(E102 * 1.08 * IFERROR(XLOOKUP(B102, DM_DinhMuc_TT20!$B:$B, DM_DinhMuc_TT20!$G:$G, 150000), 150000), 0) | M102: =ROUND(E102 * 1.10 * IFERROR(XLOOKUP(B102, DM_DinhMuc_TT20!$B:$B, DM_DinhMuc_TT20!$H:$H, 25000), 25000), 0) | N102: =ROUND(E102 * IFERROR(XLOOKUP(B102, DM_DinhMuc_TT20!$B:$B, DM_DinhMuc_TT20!$I:$I, 80000), 80000), 0) | O102: 0 | P102: =K102+L102+M102+N102+O102 | Q102: =IF(E102>0, ROUND(P102/E102, 0), 0)
A103: 99 | B103: NT10đ | C103: Crom (VI) | D103: mg/l | E103: 4 | F103: 1 | G103: =IFERROR(XLOOKUP(B103, DM_DinhMuc_TT20!$B:$B, DM_DinhMuc_TT20!$F:$F, 0.8), 0.8) | H103: =ROUND((G103 * 0.4 * 1.2) / IF(F103>0, F103, 1), 4) | I103: =ROUND(G103 * 0.6, 4) | J103: =DM_GiaVatTu!$E$8 | K103: =ROUND((H103 + I103) * J103 * E103, 0) | L103: =ROUND(E103 * 1.08 * IFERROR(XLOOKUP(B103, DM_DinhMuc_TT20!$B:$B, DM_DinhMuc_TT20!$G:$G, 150000), 150000), 0) | M103: =ROUND(E103 * 1.10 * IFERROR(XLOOKUP(B103, DM_DinhMuc_TT20!$B:$B, DM_DinhMuc_TT20!$H:$H, 25000), 25000), 0) | N103: =ROUND(E103 * IFERROR(XLOOKUP(B103, DM_DinhMuc_TT20!$B:$B, DM_DinhMuc_TT20!$I:$I, 80000), 80000), 0) | O103: 0 | P103: =K103+L103+M103+N103+O103 | Q103: =IF(E103>0, ROUND(P103/E103, 0), 0)
A104: 100 | B104: NT10m1 | C104: Đồng | D104: mg/l | E104: 4 | F104: 1 | G104: =IFERROR(XLOOKUP(B104, DM_DinhMuc_TT20!$B:$B, DM_DinhMuc_TT20!$F:$F, 0.8), 0.8) | H104: =ROUND((G104 * 0.4 * 1.2) / IF(F104>0, F104, 1), 4) | I104: =ROUND(G104 * 0.6, 4) | J104: =DM_GiaVatTu!$E$8 | K104: =ROUND((H104 + I104) * J104 * E104, 0) | L104: =ROUND(E104 * 1.08 * IFERROR(XLOOKUP(B104, DM_DinhMuc_TT20!$B:$B, DM_DinhMuc_TT20!$G:$G, 150000), 150000), 0) | M104: =ROUND(E104 * 1.10 * IFERROR(XLOOKUP(B104, DM_DinhMuc_TT20!$B:$B, DM_DinhMuc_TT20!$H:$H, 25000), 25000), 0) | N104: =ROUND(E104 * IFERROR(XLOOKUP(B104, DM_DinhMuc_TT20!$B:$B, DM_DinhMuc_TT20!$I:$I, 80000), 80000), 0) | O104: 0 | P104: =K104+L104+M104+N104+O104 | Q104: =IF(E104>0, ROUND(P104/E104, 0), 0)
A105: 101 | B105: NT10m2 | C105: Kẽm | D105: mg/l | E105: 4 | F105: 1 | G105: =IFERROR(XLOOKUP(B105, DM_DinhMuc_TT20!$B:$B, DM_DinhMuc_TT20!$F:$F, 0.8), 0.8) | H105: =ROUND((G105 * 0.4 * 1.2) / IF(F105>0, F105, 1), 4) | I105: =ROUND(G105 * 0.6, 4) | J105: =DM_GiaVatTu!$E$8 | K105: =ROUND((H105 + I105) * J105 * E105, 0) | L105: =ROUND(E105 * 1.08 * IFERROR(XLOOKUP(B105, DM_DinhMuc_TT20!$B:$B, DM_DinhMuc_TT20!$G:$G, 150000), 150000), 0) | M105: =ROUND(E105 * 1.10 * IFERROR(XLOOKUP(B105, DM_DinhMuc_TT20!$B:$B, DM_DinhMuc_TT20!$H:$H, 25000), 25000), 0) | N105: =ROUND(E105 * IFERROR(XLOOKUP(B105, DM_DinhMuc_TT20!$B:$B, DM_DinhMuc_TT20!$I:$I, 80000), 80000), 0) | O105: 0 | P105: =K105+L105+M105+N105+O105 | Q105: =IF(E105>0, ROUND(P105/E105, 0), 0)
A106: 102 | B106: NT10m6 | C106: Niken | D106: mg/l | E106: 4 | F106: 1 | G106: =IFERROR(XLOOKUP(B106, DM_DinhMuc_TT20!$B:$B, DM_DinhMuc_TT20!$F:$F, 0.8), 0.8) | H106: =ROUND((G106 * 0.4 * 1.2) / IF(F106>0, F106, 1), 4) | I106: =ROUND(G106 * 0.6, 4) | J106: =DM_GiaVatTu!$E$8 | K106: =ROUND((H106 + I106) * J106 * E106, 0) | L106: =ROUND(E106 * 1.08 * IFERROR(XLOOKUP(B106, DM_DinhMuc_TT20!$B:$B, DM_DinhMuc_TT20!$G:$G, 150000), 150000), 0) | M106: =ROUND(E106 * 1.10 * IFERROR(XLOOKUP(B106, DM_DinhMuc_TT20!$B:$B, DM_DinhMuc_TT20!$H:$H, 25000), 25000), 0) | N106: =ROUND(E106 * IFERROR(XLOOKUP(B106, DM_DinhMuc_TT20!$B:$B, DM_DinhMuc_TT20!$I:$I, 80000), 80000), 0) | O106: 0 | P106: =K106+L106+M106+N106+O106 | Q106: =IF(E106>0, ROUND(P106/E106, 0), 0)
A107: 103 | B107: NT10m3 | C107: Mangan | D107: mg/l | E107: 4 | F107: 1 | G107: =IFERROR(XLOOKUP(B107, DM_DinhMuc_TT20!$B:$B, DM_DinhMuc_TT20!$F:$F, 0.8), 0.8) | H107: =ROUND((G107 * 0.4 * 1.2) / IF(F107>0, F107, 1), 4) | I107: =ROUND(G107 * 0.6, 4) | J107: =DM_GiaVatTu!$E$8 | K107: =ROUND((H107 + I107) * J107 * E107, 0) | L107: =ROUND(E107 * 1.08 * IFERROR(XLOOKUP(B107, DM_DinhMuc_TT20!$B:$B, DM_DinhMuc_TT20!$G:$G, 150000), 150000), 0) | M107: =ROUND(E107 * 1.10 * IFERROR(XLOOKUP(B107, DM_DinhMuc_TT20!$B:$B, DM_DinhMuc_TT20!$H:$H, 25000), 25000), 0) | N107: =ROUND(E107 * IFERROR(XLOOKUP(B107, DM_DinhMuc_TT20!$B:$B, DM_DinhMuc_TT20!$I:$I, 80000), 80000), 0) | O107: 0 | P107: =K107+L107+M107+N107+O107 | Q107: =IF(E107>0, ROUND(P107/E107, 0), 0)
... A257: 253 | B257: CT8m | C257: Ag | D257: mg/l | E257: 4 | F257: 1 | G257: =IFERROR(XLOOKUP(B257, DM_DinhMuc_TT20!$B:$B, DM_DinhMuc_TT20!$F:$F, 0.8), 0.8) | H257: =ROUND((G257 * 0.4 * 1.2) / IF(F257>0, F257, 1), 4) | I257: =ROUND(G257 * 0.6, 4) | J257: =DM_GiaVatTu!$E$8 | K257: =ROUND((H257 + I257) * J257 * E257, 0) | L257: =ROUND(E257 * 1.08 * IFERROR(XLOOKUP(B257, DM_DinhMuc_TT20!$B:$B, DM_DinhMuc_TT20!$G:$G, 150000), 150000), 0) | M257: =ROUND(E257 * 1.10 * IFERROR(XLOOKUP(B257, DM_DinhMuc_TT20!$B:$B, DM_DinhMuc_TT20!$H:$H, 25000), 25000), 0) | N257: =ROUND(E257 * IFERROR(XLOOKUP(B257, DM_DinhMuc_TT20!$B:$B, DM_DinhMuc_TT20!$I:$I, 80000), 80000), 0) | O257: 0 | P257: =K257+L257+M257+N257+O257 | Q257: =IF(E257>0, ROUND(P257/E257, 0), 0)
A258: TỔNG CỘNG | E258: =SUM(E5:E257) | H258: =SUM(H5:H257) | I258: =SUM(I5:I257) | K258: =SUM(K5:K257) | L258: =SUM(L5:L257) | M258: =SUM(M5:M257) | N258: =SUM(N5:N257) | O258: =SUM(O5:O257) | P258: =SUM(P5:P257)

Sheet Chiettinh
A1: BẢNG CHIẾT TÍNH ĐƠN GIÁ CHI TIẾT 1 ĐƠN VỊ MẪU QUAN TRẮC MÔI TRƯỜNG
A2: (Phục vụ in ấn, kẹp hồ sơ nghiệm thu thanh quyết toán và trình Hội đồng Thẩm định)
A4: STT | B4: Mã Hiệu TT20 | C4: Tên Thông Số Quan Trắc | D4: ĐVT | E4: ĐG Nhân Công 1 Mẫu | F4: ĐG Vật Liệu 1 Mẫu | G4: ĐG Dụng Cụ 1 Mẫu | H4: ĐG Thiết Bị 1 Mẫu | I4: Cộng Chi Phí Trực Tiếp 1 Mẫu (Đồng/mẫu) | J4: Ghi Chú Công Đoạn
A5: 1 | B5: KK1a | C5: Nhiệt độ | D5: 0C | E5: =IF(DuToan!E5>0, ROUND(DuToan!K5/DuToan!E5, 0), 0) | F5: =IF(DuToan!E5>0, ROUND(DuToan!L5/DuToan!E5, 0), 0) | G5: =IF(DuToan!E5>0, ROUND(DuToan!M5/DuToan!E5, 0), 0) | H5: =IF(DuToan!E5>0, ROUND(DuToan!N5/DuToan!E5, 0), 0) | I5: =E5+F5+G5+H5 | J5: Bao gồm lấy mẫu hiện trường và phân tích phòng thí nghiệm
A6: 2 | B6: KK1b | C6: Độ ẩm | D6: % | E6: =IF(DuToan!E6>0, ROUND(DuToan!K6/DuToan!E6, 0), 0) | F6: =IF(DuToan!E6>0, ROUND(DuToan!L6/DuToan!E6, 0), 0) | G6: =IF(DuToan!E6>0, ROUND(DuToan!M6/DuToan!E6, 0), 0) | H6: =IF(DuToan!E6>0, ROUND(DuToan!N6/DuToan!E6, 0), 0) | I6: =E6+F6+G6+H6 | J6: Bao gồm lấy mẫu hiện trường và phân tích phòng thí nghiệm
A7: 3 | B7: KK2b | C7: Hướng gió | D7: - | E7: =IF(DuToan!E7>0, ROUND(DuToan!K7/DuToan!E7, 0), 0) | F7: =IF(DuToan!E7>0, ROUND(DuToan!L7/DuToan!E7, 0), 0) | G7: =IF(DuToan!E7>0, ROUND(DuToan!M7/DuToan!E7, 0), 0) | H7: =IF(DuToan!E7>0, ROUND(DuToan!N7/DuToan!E7, 0), 0) | I7: =E7+F7+G7+H7 | J7: Bao gồm lấy mẫu hiện trường và phân tích phòng thí nghiệm
A8: 4 | B8: KK2a | C8: Tốc độ gió | D8: m/s | E8: =IF(DuToan!E8>0, ROUND(DuToan!K8/DuToan!E8, 0), 0) | F8: =IF(DuToan!E8>0, ROUND(DuToan!L8/DuToan!E8, 0), 0) | G8: =IF(DuToan!E8>0, ROUND(DuToan!M8/DuToan!E8, 0), 0) | H8: =IF(DuToan!E8>0, ROUND(DuToan!N8/DuToan!E8, 0), 0) | I8: =E8+F8+G8+H8 | J8: Bao gồm lấy mẫu hiện trường và phân tích phòng thí nghiệm
A9: 5 | B9: TO1a | C9: Tiếng ồn | D9: dBA | E9: =IF(DuToan!E9>0, ROUND(DuToan!K9/DuToan!E9, 0), 0) | F9: =IF(DuToan!E9>0, ROUND(DuToan!L9/DuToan!E9, 0), 0) | G9: =IF(DuToan!E9>0, ROUND(DuToan!M9/DuToan!E9, 0), 0) | H9: =IF(DuToan!E9>0, ROUND(DuToan!N9/DuToan!E9, 0), 0) | I9: =E9+F9+G9+H9 | J9: Bao gồm lấy mẫu hiện trường và phân tích phòng thí nghiệm
A10: 6 | B10: ĐR01 | C10: Độ rung | D10: dB | E10: =IF(DuToan!E10>0, ROUND(DuToan!K10/DuToan!E10, 0), 0) | F10: =IF(DuToan!E10>0, ROUND(DuToan!L10/DuToan!E10, 0), 0) | G10: =IF(DuToan!E10>0, ROUND(DuToan!M10/DuToan!E10, 0), 0) | H10: =IF(DuToan!E10>0, ROUND(DuToan!N10/DuToan!E10, 0), 0) | I10: =E10+F10+G10+H10 | J10: Bao gồm lấy mẫu hiện trường và phân tích phòng thí nghiệm
A11: 7 | B11: KK4a | C11: Tổng bụi lơ lửng | D11: µg/Nm3 | E11: =IF(DuToan!E11>0, ROUND(DuToan!K11/DuToan!E11, 0), 0) | F11: =IF(DuToan!E11>0, ROUND(DuToan!L11/DuToan!E11, 0), 0) | G11: =IF(DuToan!E11>0, ROUND(DuToan!M11/DuToan!E11, 0), 0) | H11: =IF(DuToan!E11>0, ROUND(DuToan!N11/DuToan!E11, 0), 0) | I11: =E11+F11+G11+H11 | J11: Bao gồm lấy mẫu hiện trường và phân tích phòng thí nghiệm
A12: 8 | B12: KK4c | C12: Bụi PM10 | D12: µg/Nm3 | E12: =IF(DuToan!E12>0, ROUND(DuToan!K12/DuToan!E12, 0), 0) | F12: =IF(DuToan!E12>0, ROUND(DuToan!L12/DuToan!E12, 0), 0) | G12: =IF(DuToan!E12>0, ROUND(DuToan!M12/DuToan!E12, 0), 0) | H12: =IF(DuToan!E12>0, ROUND(DuToan!N12/DuToan!E12, 0), 0) | I12: =E12+F12+G12+H12 | J12: Bao gồm lấy mẫu hiện trường và phân tích phòng thí nghiệm
A13: 9 | B13: KK7 | C13: SO 2 | D13: µg/Nm3 | E13: =IF(DuToan!E13>0, ROUND(DuToan!K13/DuToan!E13, 0), 0) | F13: =IF(DuToan!E13>0, ROUND(DuToan!L13/DuToan!E13, 0), 0) | G13: =IF(DuToan!E13>0, ROUND(DuToan!M13/DuToan!E13, 0), 0) | H13: =IF(DuToan!E13>0, ROUND(DuToan!N13/DuToan!E13, 0), 0) | I13: =E13+F13+G13+H13 | J13: Bao gồm lấy mẫu hiện trường và phân tích phòng thí nghiệm
A14: 10 | B14: KK6 | C14: NO 2 | D14: µg/Nm3 | E14: =IF(DuToan!E14>0, ROUND(DuToan!K14/DuToan!E14, 0), 0) | F14: =IF(DuToan!E14>0, ROUND(DuToan!L14/DuToan!E14, 0), 0) | G14: =IF(DuToan!E14>0, ROUND(DuToan!M14/DuToan!E14, 0), 0) | H14: =IF(DuToan!E14>0, ROUND(DuToan!N14/DuToan!E14, 0), 0) | I14: =E14+F14+G14+H14 | J14: Bao gồm lấy mẫu hiện trường và phân tích phòng thí nghiệm
A15: 11 | B15: KK5a | C15: CO | D15: µg/Nm3 | E15: =IF(DuToan!E15>0, ROUND(DuToan!K15/DuToan!E15, 0), 0) | F15: =IF(DuToan!E15>0, ROUND(DuToan!L15/DuToan!E15, 0), 0) | G15: =IF(DuToan!E15>0, ROUND(DuToan!M15/DuToan!E15, 0), 0) | H15: =IF(DuToan!E15>0, ROUND(DuToan!N15/DuToan!E15, 0), 0) | I15: =E15+F15+G15+H15 | J15: Bao gồm lấy mẫu hiện trường và phân tích phòng thí nghiệm
A16: 12 | B16: NT5b | C16: COD | D16: mg/l | E16: =IF(DuToan!E16>0, ROUND(DuToan!K16/DuToan!E16, 0), 0) | F16: =IF(DuToan!E16>0, ROUND(DuToan!L16/DuToan!E16, 0), 0) | G16: =IF(DuToan!E16>0, ROUND(DuToan!M16/DuToan!E16, 0), 0) | H16: =IF(DuToan!E16>0, ROUND(DuToan!N16/DuToan!E16, 0), 0) | I16: =E16+F16+G16+H16 | J16: Bao gồm lấy mẫu hiện trường và phân tích phòng thí nghiệm
... A92: 88 | B92: NB18 | C92: Coliform | D92: MPN/100ml | E92: =IF(DuToan!E92>0, ROUND(DuToan!K92/DuToan!E92, 0), 0) | F92: =IF(DuToan!E92>0, ROUND(DuToan!L92/DuToan!E92, 0), 0) | G92: =IF(DuToan!E92>0, ROUND(DuToan!M92/DuToan!E92, 0), 0) | H92: =IF(DuToan!E92>0, ROUND(DuToan!N92/DuToan!E92, 0), 0) | I92: =E92+F92+G92+H92 | J92: Bao gồm lấy mẫu hiện trường và phân tích phòng thí nghiệm
A93: 89 | B93: NB10 | C93: Phiêu sinh thực vật | E93: =IF(DuToan!E93>0, ROUND(DuToan!K93/DuToan!E93, 0), 0) | F93: =IF(DuToan!E93>0, ROUND(DuToan!L93/DuToan!E93, 0), 0) | G93: =IF(DuToan!E93>0, ROUND(DuToan!M93/DuToan!E93, 0), 0) | H93: =IF(DuToan!E93>0, ROUND(DuToan!N93/DuToan!E93, 0), 0) | I93: =E93+F93+G93+H93 | J93: Bao gồm lấy mẫu hiện trường và phân tích phòng thí nghiệm
A94: 90 | B94: NB10 | C94: Phiêu sinh động vật | E94: =IF(DuToan!E94>0, ROUND(DuToan!K94/DuToan!E94, 0), 0) | F94: =IF(DuToan!E94>0, ROUND(DuToan!L94/DuToan!E94, 0), 0) | G94: =IF(DuToan!E94>0, ROUND(DuToan!M94/DuToan!E94, 0), 0) | H94: =IF(DuToan!E94>0, ROUND(DuToan!N94/DuToan!E94, 0), 0) | I94: =E94+F94+G94+H94 | J94: Bao gồm lấy mẫu hiện trường và phân tích phòng thí nghiệm
A95: 91 | B95: NB19c | C95: Động vật đáy | E95: =IF(DuToan!E95>0, ROUND(DuToan!K95/DuToan!E95, 0), 0) | F95: =IF(DuToan!E95>0, ROUND(DuToan!L95/DuToan!E95, 0), 0) | G95: =IF(DuToan!E95>0, ROUND(DuToan!M95/DuToan!E95, 0), 0) | H95: =IF(DuToan!E95>0, ROUND(DuToan!N95/DuToan!E95, 0), 0) | I95: =E95+F95+G95+H95 | J95: Bao gồm lấy mẫu hiện trường và phân tích phòng thí nghiệm
A96: 92 | B96: NT4b | C96: Màu | D96: mg/l | E96: =IF(DuToan!E96>0, ROUND(DuToan!K96/DuToan!E96, 0), 0) | F96: =IF(DuToan!E96>0, ROUND(DuToan!L96/DuToan!E96, 0), 0) | G96: =IF(DuToan!E96>0, ROUND(DuToan!M96/DuToan!E96, 0), 0) | H96: =IF(DuToan!E96>0, ROUND(DuToan!N96/DuToan!E96, 0), 0) | I96: =E96+F96+G96+H96 | J96: Bao gồm lấy mẫu hiện trường và phân tích phòng thí nghiệm
A97: 93 | B97: NT5a | C97: BOD5 | D97: mg/l | E97: =IF(DuToan!E97>0, ROUND(DuToan!K97/DuToan!E97, 0), 0) | F97: =IF(DuToan!E97>0, ROUND(DuToan!L97/DuToan!E97, 0), 0) | G97: =IF(DuToan!E97>0, ROUND(DuToan!M97/DuToan!E97, 0), 0) | H97: =IF(DuToan!E97>0, ROUND(DuToan!N97/DuToan!E97, 0), 0) | I97: =E97+F97+G97+H97 | J97: Bao gồm lấy mẫu hiện trường và phân tích phòng thí nghiệm
A98: 94 | B98: NT10l1 | C98: Asen | D98: mg/l | E98: =IF(DuToan!E98>0, ROUND(DuToan!K98/DuToan!E98, 0), 0) | F98: =IF(DuToan!E98>0, ROUND(DuToan!L98/DuToan!E98, 0), 0) | G98: =IF(DuToan!E98>0, ROUND(DuToan!M98/DuToan!E98, 0), 0) | H98: =IF(DuToan!E98>0, ROUND(DuToan!N98/DuToan!E98, 0), 0) | I98: =E98+F98+G98+H98 | J98: Bao gồm lấy mẫu hiện trường và phân tích phòng thí nghiệm
A99: 95 | B99: NT10l2 | C99: Thủy ngân | D99: mg/l | E99: =IF(DuToan!E99>0, ROUND(DuToan!K99/DuToan!E99, 0), 0) | F99: =IF(DuToan!E99>0, ROUND(DuToan!L99/DuToan!E99, 0), 0) | G99: =IF(DuToan!E99>0, ROUND(DuToan!M99/DuToan!E99, 0), 0) | H99: =IF(DuToan!E99>0, ROUND(DuToan!N99/DuToan!E99, 0), 0) | I99: =E99+F99+G99+H99 | J99: Bao gồm lấy mẫu hiện trường và phân tích phòng thí nghiệm
A100: 96 | B100: NT10k1 | C100: Chì | D100: mg/l | E100: =IF(DuToan!E100>0, ROUND(DuToan!K100/DuToan!E100, 0), 0) | F100: =IF(DuToan!E100>0, ROUND(DuToan!L100/DuToan!E100, 0), 0) | G100: =IF(DuToan!E100>0, ROUND(DuToan!M100/DuToan!E100, 0), 0) | H100: =IF(DuToan!E100>0, ROUND(DuToan!N100/DuToan!E100, 0), 0) | I100: =E100+F100+G100+H100 | J100: Bao gồm lấy mẫu hiện trường và phân tích phòng thí nghiệm
A101: 97 | B101: NT10k2 | C101: Cadimi | D101: mg/l | E101: =IF(DuToan!E101>0, ROUND(DuToan!K101/DuToan!E101, 0), 0) | F101: =IF(DuToan!E101>0, ROUND(DuToan!L101/DuToan!E101, 0), 0) | G101: =IF(DuToan!E101>0, ROUND(DuToan!M101/DuToan!E101, 0), 0) | H101: =IF(DuToan!E101>0, ROUND(DuToan!N101/DuToan!E101, 0), 0) | I101: =E101+F101+G101+H101 | J101: Bao gồm lấy mẫu hiện trường và phân tích phòng thí nghiệm
A102: 98 | B102: NT10m5 | C102: Crom (III) | D102: mg/l | E102: =IF(DuToan!E102>0, ROUND(DuToan!K102/DuToan!E102, 0), 0) | F102: =IF(DuToan!E102>0, ROUND(DuToan!L102/DuToan!E102, 0), 0) | G102: =IF(DuToan!E102>0, ROUND(DuToan!M102/DuToan!E102, 0), 0) | H102: =IF(DuToan!E102>0, ROUND(DuToan!N102/DuToan!E102, 0), 0) | I102: =E102+F102+G102+H102 | J102: Bao gồm lấy mẫu hiện trường và phân tích phòng thí nghiệm
A103: 99 | B103: NT10đ | C103: Crom (VI) | D103: mg/l | E103: =IF(DuToan!E103>0, ROUND(DuToan!K103/DuToan!E103, 0), 0) | F103: =IF(DuToan!E103>0, ROUND(DuToan!L103/DuToan!E103, 0), 0) | G103: =IF(DuToan!E103>0, ROUND(DuToan!M103/DuToan!E103, 0), 0) | H103: =IF(DuToan!E103>0, ROUND(DuToan!N103/DuToan!E103, 0), 0) | I103: =E103+F103+G103+H103 | J103: Bao gồm lấy mẫu hiện trường và phân tích phòng thí nghiệm
A104: 100 | B104: NT10m1 | C104: Đồng | D104: mg/l | E104: =IF(DuToan!E104>0, ROUND(DuToan!K104/DuToan!E104, 0), 0) | F104: =IF(DuToan!E104>0, ROUND(DuToan!L104/DuToan!E104, 0), 0) | G104: =IF(DuToan!E104>0, ROUND(DuToan!M104/DuToan!E104, 0), 0) | H104: =IF(DuToan!E104>0, ROUND(DuToan!N104/DuToan!E104, 0), 0) | I104: =E104+F104+G104+H104 | J104: Bao gồm lấy mẫu hiện trường và phân tích phòng thí nghiệm
A105: 101 | B105: NT10m2 | C105: Kẽm | D105: mg/l | E105: =IF(DuToan!E105>0, ROUND(DuToan!K105/DuToan!E105, 0), 0) | F105: =IF(DuToan!E105>0, ROUND(DuToan!L105/DuToan!E105, 0), 0) | G105: =IF(DuToan!E105>0, ROUND(DuToan!M105/DuToan!E105, 0), 0) | H105: =IF(DuToan!E105>0, ROUND(DuToan!N105/DuToan!E105, 0), 0) | I105: =E105+F105+G105+H105 | J105: Bao gồm lấy mẫu hiện trường và phân tích phòng thí nghiệm
A106: 102 | B106: NT10m6 | C106: Niken | D106: mg/l | E106: =IF(DuToan!E106>0, ROUND(DuToan!K106/DuToan!E106, 0), 0) | F106: =IF(DuToan!E106>0, ROUND(DuToan!L106/DuToan!E106, 0), 0) | G106: =IF(DuToan!E106>0, ROUND(DuToan!M106/DuToan!E106, 0), 0) | H106: =IF(DuToan!E106>0, ROUND(DuToan!N106/DuToan!E106, 0), 0) | I106: =E106+F106+G106+H106 | J106: Bao gồm lấy mẫu hiện trường và phân tích phòng thí nghiệm
A107: 103 | B107: NT10m3 | C107: Mangan | D107: mg/l | E107: =IF(DuToan!E107>0, ROUND(DuToan!K107/DuToan!E107, 0), 0) | F107: =IF(DuToan!E107>0, ROUND(DuToan!L107/DuToan!E107, 0), 0) | G107: =IF(DuToan!E107>0, ROUND(DuToan!M107/DuToan!E107, 0), 0) | H107: =IF(DuToan!E107>0, ROUND(DuToan!N107/DuToan!E107, 0), 0) | I107: =E107+F107+G107+H107 | J107: Bao gồm lấy mẫu hiện trường và phân tích phòng thí nghiệm
... A257: 253 | B257: CT8m | C257: Ag | D257: mg/l | E257: =IF(DuToan!E257>0, ROUND(DuToan!K257/DuToan!E257, 0), 0) | F257: =IF(DuToan!E257>0, ROUND(DuToan!L257/DuToan!E257, 0), 0) | G257: =IF(DuToan!E257>0, ROUND(DuToan!M257/DuToan!E257, 0), 0) | H257: =IF(DuToan!E257>0, ROUND(DuToan!N257/DuToan!E257, 0), 0) | I257: =E257+F257+G257+H257 | J257: Bao gồm lấy mẫu hiện trường và phân tích phòng thí nghiệm

Sheet TongHop_KinhPhi
A1: TỔNG HỢP KINH PHÍ DỰ TOÁN GÓI THẦU QUAN TRẮC MÔI TRƯỜNG EVN VĨNH TÂN 4
A2: (Cấu trúc tài chính vĩ mô: Chi phí trực tiếp T, Quản lý chung 15%, Thu nhập tính trước 6%, Dự phòng 5%, VAT 8%)
A4: STT | B4: Khoản Mục Chi Phí | C4: Ký Hiệu | D4: Cách Tính / Công Thức | E4: Giá Trị (VNĐ) | F4: Tỷ Lệ (%)
A5: 1 | B5: Chi phí trực tiếp | C5: T | D5: =DuToan!P258 | E5: =DuToan!P258 | F5: =E5/E11
A6: 2 | B6: Chi phí quản lý chung | C6: C_GT | D6: =ROUND(0.15 * E5, 0) | E6: =ROUND(0.15 * E5, 0) | F6: =E6/E11
A7: 3 | B7: Thu nhập chịu thuế tính trước | C7: TL | D7: =ROUND(0.06 * (E5 + E6), 0) | E7: =ROUND(0.06 * (E5 + E6), 0) | F7: =E7/E11
A8: 4 | B8: Chi phí dự phòng phát sinh | C8: DP | D8: =ROUND(0.05 * (E5 + E6 + E7), 0) | E8: =ROUND(0.05 * (E5 + E6 + E7), 0) | F8: =E8/E11
A9: 5 | B9: CỘNG CHI PHÍ TRƯỚC THUẾ | C9: G_Q | D9: =E5 + E6 + E7 + E8 | E9: =E5 + E6 + E7 + E8 | F9: =E9/E11
A10: 6 | B10: Thuế Giá trị gia tăng (VAT) | C10: VAT | D10: =ROUND(0.08 * E9, 0) | E10: =ROUND(0.08 * E9, 0) | F10: =E10/E11
A11: 7 | B11: TỔNG KINH PHÍ GÓI THẦU (SAU THUẾ) | C11: TTS | D11: =E9 + E10 | E11: =E9 + E10 | F11: 100.0%

Sheet DM_GiaTruong_BaoGia
A1: PHỤ LỤC MINH CHỨNG PHÁP LÝ: KẾT QUẢ LỰA CHỌN NHÀ THẦU & BÁO GIÁ THỊ TRƯỜNG
A2: (Căn cứ: Gói thầu IB2600096765 của NMNĐ Vĩnh Tân 4 ngày 03/04/2026 & Điều 16 Nghị định 24/2024/NĐ-CP)
A4: STT | B4: Tên Hàng Hóa / Dịch Vụ | C4: ĐVT | D4: Đơn Giá Trúng Thầu (VAT 8%) | E4: Đơn Giá Chưa VAT (/1.08) | F4: Mã TBMT / Hồ Sơ | G4: Ngày Duyệt KQLCNT | H4: Đơn Vị Trúng Thầu / Báo Giá | I4: Cơ Sở Pháp Lý
A5: 1 | B5: Khí Heli 99.99% | C5: Bình | D5: 10141200 | E5: 9390000 | F5: IB2600096765 | G5: 03/04/2026 | H5: Quingdao Ruiming | I5: KQLCNT chính NMNĐ Vĩnh Tân 4
A6: 2 | B6: Khí Hydrogen UHP | C6: Bình | D6: 21621600 | E6: 20020000 | F6: IB2600096765 | G6: 03/04/2026 | H6: Air Liquide | I6: KQLCNT chính NMNĐ Vĩnh Tân 4
A7: 3 | B7: Khí Nitơ 99.99% | C7: Bình | D7: 324000 | E7: 300000 | F7: IB2600096765 | G7: 03/04/2026 | H7: Sovigaz | I7: KQLCNT chính NMNĐ Vĩnh Tân 4
A8: 4 | B8: Bình khí Argon 99.9999% | C8: Bình | D8: 6112800 | E8: 5660000 | F8: IB2600096765 | G8: 03/04/2026 | H8: Cryotech | I8: KQLCNT chính NMNĐ Vĩnh Tân 4
A9: 5 | B9: Bình khí CO+CO2 | C9: Bình | D9: 12171600 | E9: 11270000 | F9: IB2600096765 | G9: 03/04/2026 | H9: Cryotech | I9: KQLCNT chính NMNĐ Vĩnh Tân 4
A10: 6 | B10: Bình Khí NO | C10: Bình | D10: 37141200 | E10: 34390000 | F10: IB2600096765 | G10: 03/04/2026 | H10: CSL | I10: KQLCNT chính NMNĐ Vĩnh Tân 4
A11: 7 | B11: Bình và khí Span SO2 | C11: Bình | D11: 29721600 | E11: 27520000 | F11: IB2600096765 | G11: 03/04/2026 | H11: CSL | I11: KQLCNT chính NMNĐ Vĩnh Tân 4
A12: 8 | B12: Acetone Merck Chai 1000ml | C12: Chai | D12: 399600 | E12: 370000 | F12: IB2600096765 | G12: 03/04/2026 | H12: Merck | I12: KQLCNT chính NMNĐ Vĩnh Tân 4
A13: 9 | B13: Toluen Merck Chai 1000ml | C13: Chai | D13: 421200 | E13: 390000 | F13: IB2600096765 | G13: 03/04/2026 | H13: Merck | I13: KQLCNT chính NMNĐ Vĩnh Tân 4
A14: 10 | B14: Methanol 99.8% | C14: Lít | D14: 43200 | E14: 40000 | F14: IB2600096765 | G14: 03/04/2026 | H14: Brunei Methanol | I14: KQLCNT chính NMNĐ Vĩnh Tân 4
A15: 11 | B15: Hóa chất EDTA Merck 100g | C15: Chai | D15: 1371600 | E15: 1270000 | F15: IB2600096765 | G15: 03/04/2026 | H15: Merck | I15: KQLCNT chính NMNĐ Vĩnh Tân 4
A16: 12 | B16: Sắt (III) Clorua FeCl3 40% | C16: Kg | D16: 6480 | E16: 6000 | F16: IB2600096765 | G16: 03/04/2026 | H16: Vũ Hoàng | I16: KQLCNT chính NMNĐ Vĩnh Tân 4
... A21: 17 | B21: Vận chuyển mẫu bảo quản lạnh hỏa tốc | C21: Đợt | D21: 4320000 | E21: 4000000 | F21: BG_EXPRESS | G21: 10/02/2026 | H21: Viettel Post Express | I21: Hợp đồng cung ứng dịch vụ hỏa tốc
